timestamp,msgr_recv_bytes,msgr_send_bytes,msgr_recv_messages,msgr_send_messages,mds_request,mds_reply,mds_reply_latency_s,getattr_latency_s,mkdir_latency_s,mds_journal_latency_s,objecter_op_latency_s,objecter_send_bytes,objecter_ops,mds_rss_bytes,mds_heap_bytes,sessions_open
"2025-11-04T11:46:57+00:00",9144092,9373792,23976,11179,112,112,0.004859013,0.000743695,0.002955372,3.798557723,0.471760163,1684947,6340,139004,348160000,2
"2025-11-04T11:46:58+00:00",9144590,9373792,23977,11179,112,112,0.004859013,0.000743695,0.002955372,3.798557723,0.471760163,1684947,6340,139004,348160000,2
"2025-11-04T11:46:58+00:00",9144590,9373792,23977,11179,112,112,0.004859013,0.000743695,0.002955372,3.798557723,0.471760163,1684947,6340,139004,348160000,2
"2025-11-04T11:47:08+00:00",9154412,9380342,24000,11184,112,112,0.004859013,0.000743695,0.002955372,3.798557723,0.471760163,1684947,6340,139004,348160000,2
"2025-11-04T11:47:08+00:00",9155600,9383222,24003,11186,112,112,0.004859013,0.000743695,0.002955372,3.798557723,0.471760163,1684947,6340,139004,348160000,2
"2025-11-04T11:47:09+00:00",9155600,9383222,24003,11186,112,112,0.004859013,0.000743695,0.002955372,3.798557723,0.471760163,1684947,6340,139004,348160000,2
"2025-11-04T11:47:19+00:00",9165342,9389100,24026,11191,112,112,0.004859013,0.000743695,0.002955372,3.798557723,0.471760163,1684947,6340,139004,348160000,2
"2025-11-04T11:47:19+00:00",9165878,9389218,24028,11192,112,112,0.004859013,0.000743695,0.002955372,3.798557723,0.471760163,1684947,6340,139004,348160000,2
"2025-11-04T11:47:20+00:00",9166376,9389218,24029,11192,112,112,0.004859013,0.000743695,0.002955372,3.798557723,0.471760163,1684947,6340,139004,348160000,2
"2025-11-04T11:47:31+00:00",9177108,9395618,24054,11197,112,112,0.004859013,0.000743695,0.002955372,3.798557723,0.471760163,1684947,6340,139004,348160000,2
"2025-11-04T11:47:32+00:00",9177944,9395618,24056,11197,112,112,0.004859013,0.000743695,0.002955372,3.798557723,0.471760163,1684947,6340,139004,348160000,2
"2025-11-04T11:47:32+00:00",9177944,9395618,24056,11197,112,112,0.004859013,0.000743695,0.002955372,3.798557723,0.471760163,1684947,6340,139004,348160000,2
"2025-11-04T11:47:42+00:00",9188076,9402254,24081,11204,112,112,0.004859013,0.000743695,0.002955372,3.798557723,0.471760163,1684947,6340,139004,348160000,2
"2025-11-04T11:47:42+00:00",9188494,9402254,24082,11204,112,112,0.004859013,0.000743695,0.002955372,3.798557723,0.471760163,1684947,6340,139004,348160000,2
"2025-11-04T11:47:43+00:00",9188992,9402254,24083,11204,112,112,0.004859013,0.000743695,0.002955372,3.798557723,0.471760163,1684947,6340,139004,348160000,2
"2025-11-04T11:47:53+00:00",9199386,9408654,24107,11209,112,112,0.004859013,0.000743695,0.002955372,3.798557723,0.471760163,1684947,6340,139004,348160000,2
"2025-11-04T11:47:54+00:00",9199884,9410894,24108,11210,112,112,0.004859013,0.000743695,0.002955372,3.798557723,0.471760163,1684947,6340,139004,348160000,2
"2025-11-04T11:47:54+00:00",9199884,9410894,24108,11210,112,112,0.004859013,0.000743695,0.002955372,3.798557723,0.471760163,1684947,6340,139004,348160000,2
"2025-11-04T11:48:04+00:00",9209824,9416890,24132,11216,112,112,0.004859013,0.000743695,0.002955372,3.798557723,0.471760163,1684947,6340,139268,348160000,2
"2025-11-04T11:48:04+00:00",9210514,9417530,24134,11217,112,112,0.004859013,0.000743695,0.002955372,3.798557723,0.471760163,1684947,6340,139268,348160000,2
"2025-11-04T11:48:05+00:00",9211012,9417530,24135,11217,112,112,0.004859013,0.000743695,0.002955372,3.798557723,0.471760163,1684947,6340,139268,348160000,2
"2025-11-04T11:48:15+00:00",9220716,9423290,24157,11221,112,112,0.004859013,0.000743695,0.002955372,3.798557723,0.471760163,1684947,6340,139268,348160000,2
"2025-11-04T11:48:15+00:00",9220716,9423290,24157,11221,112,112,0.004859013,0.000743695,0.002955372,3.798557723,0.471760163,1684947,6340,139268,348160000,2
"2025-11-04T11:48:16+00:00",9221632,9423290,24159,11221,112,112,0.004859013,0.000743695,0.002955372,3.798557723,0.471760163,1684947,6340,139268,348160000,2
"2025-11-04T11:48:26+00:00",9231172,9429926,24183,11228,112,112,0.004859013,0.000743695,0.002955372,3.798557723,0.471760163,1684947,6340,139220,348160000,2
"2025-11-04T11:48:26+00:00",9231172,9429926,24183,11228,112,112,0.004859013,0.000743695,0.002955372,3.798557723,0.471760163,1684947,6340,139220,348160000,2
"2025-11-04T11:48:26+00:00",9231444,9429926,24184,11228,112,112,0.004859013,0.000743695,0.002955372,3.798557723,0.471760163,1684947,6340,139220,348160000,2
"2025-11-04T11:48:37+00:00",9242294,9436444,24210,11234,112,112,0.004859013,0.000743695,0.002955372,3.798557723,0.471760163,1684947,6340,139220,348160000,2
"2025-11-04T11:48:37+00:00",9242294,9436444,24210,11234,112,112,0.004859013,0.000743695,0.002955372,3.798557723,0.471760163,1684947,6340,139220,348160000,2
"2025-11-04T11:48:38+00:00",9243210,9436444,24212,11234,112,112,0.004859013,0.000743695,0.002955372,3.798557723,0.471760163,1684947,6340,139220,348160000,2
"2025-11-04T11:48:48+00:00",9252872,9442322,24235,11239,112,112,0.004859013,0.000743695,0.002955372,3.798557723,0.471760163,1684947,6340,139220,348160000,2
"2025-11-04T11:48:48+00:00",9252872,9442322,24235,11239,112,112,0.004859013,0.000743695,0.002955372,3.798557723,0.471760163,1684947,6340,139220,348160000,2
"2025-11-04T11:48:48+00:00",9253290,9442322,24236,11239,112,112,0.004859013,0.000743695,0.002955372,3.798557723,0.471760163,1684947,6340,139220,348160000,2
"2025-11-04T11:48:59+00:00",9263882,9451080,24261,11246,112,112,0.004859013,0.000743695,0.002955372,3.798557723,0.471760163,1684947,6340,139220,348160000,2
"2025-11-04T11:48:59+00:00",9263882,9451080,24261,11246,112,112,0.004859013,0.000743695,0.002955372,3.798557723,0.471760163,1684947,6340,139220,348160000,2
"2025-11-04T11:48:59+00:00",9263882,9451080,24261,11246,112,112,0.004859013,0.000743695,0.002955372,3.798557723,0.471760163,1684947,6340,139220,348160000,2
"2025-11-04T11:49:10+00:00",9274892,9457598,24287,11252,112,112,0.004859013,0.000743695,0.002955372,3.798557723,0.471760163,1684947,6340,139220,348160000,2
"2025-11-04T11:49:10+00:00",9274892,9457598,24287,11252,112,112,0.004859013,0.000743695,0.002955372,3.798557723,0.471760163,1684947,6340,139220,348160000,2
"2025-11-04T11:49:10+00:00",9274892,9457598,24287,11252,112,112,0.004859013,0.000743695,0.002955372,3.798557723,0.471760163,1684947,6340,139220,348160000,2
"2025-11-04T11:49:20+00:00",9284738,9463594,24311,11258,112,112,0.004859013,0.000743695,0.002955372,3.798557723,0.471760163,1684947,6340,139220,348160000,2
"2025-11-04T11:49:21+00:00",9285236,9464234,24312,11259,112,112,0.004859013,0.000743695,0.002955372,3.798557723,0.471760163,1684947,6340,139220,348160000,2
"2025-11-04T11:49:21+00:00",9285236,9464234,24312,11259,112,112,0.004859013,0.000743695,0.002955372,3.798557723,0.471760163,1684947,6340,139220,348160000,2
"2025-11-04T11:49:31+00:00",9295212,9469994,24335,11263,112,112,0.004859013,0.000743695,0.002955372,3.798557723,0.471760163,1684947,6340,139220,348160000,2
"2025-11-04T11:49:31+00:00",9295630,9469994,24336,11263,112,112,0.004859013,0.000743695,0.002955372,3.798557723,0.471760163,1684947,6340,139220,348160000,2
"2025-11-04T11:49:32+00:00",9296128,9469994,24337,11263,112,112,0.004859013,0.000743695,0.002955372,3.798557723,0.471760163,1684947,6340,139220,348160000,2
"2025-11-04T11:49:43+00:00",9307448,9476630,24365,11270,112,112,0.004859013,0.000743695,0.002955372,3.798557723,0.471760163,1684947,6340,139220,348160000,2
"2025-11-04T11:49:43+00:00",9307448,9476630,24365,11270,112,112,0.004859013,0.000743695,0.002955372,3.798557723,0.471760163,1684947,6340,139220,348160000,2
"2025-11-04T11:49:44+00:00",9308364,9478870,24367,11271,112,112,0.004859013,0.000743695,0.002955372,3.798557723,0.471760163,1684947,6340,139220,348160000,2
"2025-11-04T11:49:54+00:00",9318340,9485270,24390,11276,112,112,0.004859013,0.000743695,0.002955372,3.798557723,0.471760163,1684947,6340,139220,348160000,2
"2025-11-04T11:49:54+00:00",9318340,9485270,24390,11276,112,112,0.004859013,0.000743695,0.002955372,3.798557723,0.471760163,1684947,6340,139220,348160000,2
"2025-11-04T11:49:54+00:00",9319256,9485270,24392,11276,112,112,0.004859013,0.000743695,0.002955372,3.798557723,0.471760163,1684947,6340,139220,348160000,2
"2025-11-04T11:50:05+00:00",9329468,9491906,24417,11283,112,112,0.004859013,0.000743695,0.002955372,3.798557723,0.471760163,1684947,6340,139220,348160000,2
"2025-11-04T11:50:05+00:00",9329468,9491906,24417,11283,112,112,0.004859013,0.000743695,0.002955372,3.798557723,0.471760163,1684947,6340,139220,348160000,2
"2025-11-04T11:50:05+00:00",9329886,9491906,24418,11283,112,112,0.004859013,0.000743695,0.002955372,3.798557723,0.471760163,1684947,6340,139220,348160000,2
"2025-11-04T11:50:16+00:00",9339848,9497666,24441,11287,112,112,0.004859013,0.000743695,0.002955372,3.798557723,0.471760163,1684947,6340,139220,348160000,2
"2025-11-04T11:50:16+00:00",9339848,9497666,24441,11287,112,112,0.004859013,0.000743695,0.002955372,3.798557723,0.471760163,1684947,6340,139220,348160000,2
"2025-11-04T11:50:16+00:00",9339848,9497666,24441,11287,112,112,0.004859013,0.000743695,0.002955372,3.798557723,0.471760163,1684947,6340,139220,348160000,2
"2025-11-04T11:50:26+00:00",9350238,9504302,24467,11294,112,112,0.004859013,0.000743695,0.002955372,3.798557723,0.471760163,1684947,6340,139220,348160000,2
"2025-11-04T11:50:27+00:00",9350656,9504302,24468,11294,112,112,0.004859013,0.000743695,0.002955372,3.798557723,0.471760163,1684947,6340,139220,348160000,2
"2025-11-04T11:50:27+00:00",9350656,9504302,24468,11294,112,112,0.004859013,0.000743695,0.002955372,3.798557723,0.471760163,1684947,6340,139220,348160000,2
"2025-11-04T11:50:37+00:00",9362664,9530613,24499,11306,112,112,0.004859013,0.000743695,0.002955372,3.791225778,0.472250266,1702708,6343,139220,348160000,2
"2025-11-04T11:50:38+00:00",9363162,9530613,24500,11306,112,112,0.004859013,0.000743695,0.002955372,3.791225778,0.472250266,1702708,6343,139220,348160000,2
"2025-11-04T11:50:38+00:00",9363162,9530613,24500,11306,112,112,0.004859013,0.000743695,0.002955372,3.791225778,0.472250266,1702708,6343,139220,348160000,2
"2025-11-04T11:50:48+00:00",9373726,9542335,24526,11314,112,112,0.004859013,0.000743695,0.002955372,3.775903829,0.472028906,1707594,6346,139220,348160000,2
"2025-11-04T11:50:49+00:00",9374914,9545215,24529,11316,112,112,0.004859013,0.000743695,0.002955372,3.775903829,0.472028906,1707594,6346,139220,348160000,2
"2025-11-04T11:50:49+00:00",9374914,9545215,24529,11316,112,112,0.004859013,0.000743695,0.002955372,3.775903829,0.472028906,1707594,6346,139220,348160000,2
"2025-11-04T11:50:59+00:00",9384736,9551093,24552,11321,112,112,0.004859013,0.000743695,0.002955372,3.775903829,0.472028906,1707594,6346,139220,348160000,2
"2025-11-04T11:50:59+00:00",9385272,9551211,24554,11322,112,112,0.004859013,0.000743695,0.002955372,3.775903829,0.472028906,1707594,6346,139220,348160000,2
"2025-11-04T11:51:00+00:00",9385770,9551211,24555,11322,112,112,0.004859013,0.000743695,0.002955372,3.775903829,0.472028906,1707594,6346,139220,348160000,2
"2025-11-04T11:51:10+00:00",9395474,9557611,24577,11327,112,112,0.004859013,0.000743695,0.002955372,3.775903829,0.472028906,1707594,6346,139220,348160000,2
"2025-11-04T11:51:10+00:00",9395474,9557611,24577,11327,112,112,0.004859013,0.000743695,0.002955372,3.775903829,0.472028906,1707594,6346,139220,348160000,2
"2025-11-04T11:51:10+00:00",9395892,9557611,24578,11327,112,112,0.004859013,0.000743695,0.002955372,3.775903829,0.472028906,1707594,6346,139220,348160000,2
"2025-11-04T11:51:21+00:00",9406362,9564247,24604,11334,112,112,0.004859013,0.000743695,0.002955372,3.775903829,0.472028906,1707594,6346,139220,348160000,2
"2025-11-04T11:51:21+00:00",9406362,9564247,24604,11334,112,112,0.004859013,0.000743695,0.002955372,3.775903829,0.472028906,1707594,6346,139220,348160000,2
"2025-11-04T11:51:21+00:00",9406362,9564247,24604,11334,112,112,0.004859013,0.000743695,0.002955372,3.775903829,0.472028906,1707594,6346,139220,348160000,2
"2025-11-04T11:51:31+00:00",9416676,9570007,24628,11338,112,112,0.004859013,0.000743695,0.002955372,3.775903829,0.472028906,1707594,6346,139220,348160000,2
"2025-11-04T11:51:32+00:00",9417174,9570007,24629,11338,112,112,0.004859013,0.000743695,0.002955372,3.775903829,0.472028906,1707594,6346,139220,348160000,2
"2025-11-04T11:51:32+00:00",9417174,9570007,24629,11338,112,112,0.004859013,0.000743695,0.002955372,3.775903829,0.472028906,1707594,6346,139220,348160000,2
"2025-11-04T11:51:42+00:00",9427386,9576643,24654,11345,112,112,0.004859013,0.000743695,0.002955372,3.775903829,0.472028906,1707594,6346,139220,348160000,2
"2025-11-04T11:51:43+00:00",9428302,9576643,24656,11345,112,112,0.004859013,0.000743695,0.002955372,3.775903829,0.472028906,1707594,6346,139220,348160000,2
"2025-11-04T11:51:43+00:00",9428302,9576643,24656,11345,112,112,0.004859013,0.000743695,0.002955372,3.775903829,0.472028906,1707594,6346,139220,348160000,2
"2025-11-04T11:51:53+00:00",9438278,9583043,24679,11350,112,112,0.004859013,0.000743695,0.002955372,3.775903829,0.472028906,1707594,6346,139220,348160000,2
"2025-11-04T11:51:53+00:00",9438278,9583043,24679,11350,112,112,0.004859013,0.000743695,0.002955372,3.775903829,0.472028906,1707594,6346,139220,348160000,2
"2025-11-04T11:51:54+00:00",9439194,9585283,24681,11351,112,112,0.004859013,0.000743695,0.002955372,3.775903829,0.472028906,1707594,6346,139220,348160000,2
"2025-11-04T11:52:04+00:00",9449134,9591279,24705,11357,112,112,0.004859013,0.000743695,0.002955372,3.775903829,0.472028906,1707594,6346,139220,348160000,2
"2025-11-04T11:52:04+00:00",9449134,9591279,24705,11357,112,112,0.004859013,0.000743695,0.002955372,3.775903829,0.472028906,1707594,6346,139220,348160000,2
"2025-11-04T11:52:04+00:00",9449824,9591919,24707,11358,112,112,0.004859013,0.000743695,0.002955372,3.775903829,0.472028906,1707594,6346,139220,348160000,2
"2025-11-04T11:52:15+00:00",9459594,9597679,24729,11362,112,112,0.004859013,0.000743695,0.002955372,3.775903829,0.472028906,1707594,6346,139220,348160000,2
"2025-11-04T11:52:15+00:00",9459594,9597679,24729,11362,112,112,0.004859013,0.000743695,0.002955372,3.775903829,0.472028906,1707594,6346,139220,348160000,2
"2025-11-04T11:52:15+00:00",9459594,9597679,24729,11362,112,112,0.004859013,0.000743695,0.002955372,3.775903829,0.472028906,1707594,6346,139220,348160000,2
"2025-11-04T11:52:25+00:00",9469872,9604315,24754,11369,112,112,0.004859013,0.000743695,0.002955372,3.775903829,0.472028906,1707594,6346,139220,348160000,2
"2025-11-04T11:52:26+00:00",9470370,9604315,24755,11369,112,112,0.004859013,0.000743695,0.002955372,3.775903829,0.472028906,1707594,6346,139220,348160000,2
"2025-11-04T11:52:26+00:00",9470370,9604315,24755,11369,112,112,0.004859013,0.000743695,0.002955372,3.775903829,0.472028906,1707594,6346,139220,348160000,2
"2025-11-04T11:52:36+00:00",9480618,9610075,24779,11373,112,112,0.004859013,0.000743695,0.002955372,3.775903829,0.472028906,1707594,6346,139220,348160000,2
"2025-11-04T11:52:37+00:00",9481308,9610715,24781,11374,112,112,0.004859013,0.000743695,0.002955372,3.775903829,0.472028906,1707594,6346,139220,348160000,2
"2025-11-04T11:52:37+00:00",9481924,9610833,24783,11375,112,112,0.004859013,0.000743695,0.002955372,3.775903829,0.472028906,1707594,6346,139220,348160000,2
"2025-11-04T11:52:47+00:00",9491746,9616711,24806,11380,112,112,0.004859013,0.000743695,0.002955372,3.775903829,0.472028906,1707594,6346,139220,348160000,2
"2025-11-04T11:52:47+00:00",9492164,9616711,24807,11380,112,112,0.004859013,0.000743695,0.002955372,3.775903829,0.472028906,1707594,6346,139220,348160000,2
"2025-11-04T11:52:48+00:00",9492662,9616711,24808,11380,112,112,0.004859013,0.000743695,0.002955372,3.775903829,0.472028906,1707594,6346,139220,348160000,2
"2025-11-04T11:52:58+00:00",9502756,9623229,24832,11386,112,112,0.004859013,0.000743695,0.002955372,3.775903829,0.472028906,1707594,6346,139220,348160000,2
"2025-11-04T11:52:58+00:00",9502756,9623229,24832,11386,112,112,0.004859013,0.000743695,0.002955372,3.775903829,0.472028906,1707594,6346,139220,348160000,2
"2025-11-04T11:52:59+00:00",9503174,9625469,24833,11387,112,112,0.004859013,0.000743695,0.002955372,3.775903829,0.472028906,1707594,6346,139220,348160000,2
"2025-11-04T11:53:09+00:00",9513606,9631987,24858,11393,112,112,0.004859013,0.000743695,0.002955372,3.775903829,0.472028906,1707594,6346,139220,348160000,2
"2025-11-04T11:53:09+00:00",9513606,9631987,24858,11393,112,112,0.004859013,0.000743695,0.002955372,3.775903829,0.472028906,1707594,6346,139220,348160000,2
"2025-11-04T11:53:09+00:00",9513606,9631987,24858,11393,112,112,0.004859013,0.000743695,0.002955372,3.775903829,0.472028906,1707594,6346,139220,348160000,2
"2025-11-04T11:53:20+00:00",9524302,9637983,24884,11399,112,112,0.004859013,0.000743695,0.002955372,3.775903829,0.472028906,1707594,6346,139220,348160000,2
"2025-11-04T11:53:20+00:00",9524302,9637983,24884,11399,112,112,0.004859013,0.000743695,0.002955372,3.775903829,0.472028906,1707594,6346,139220,348160000,2
"2025-11-04T11:53:20+00:00",9524302,9637983,24884,11399,112,112,0.004859013,0.000743695,0.002955372,3.775903829,0.472028906,1707594,6346,139220,348160000,2
"2025-11-04T11:53:30+00:00",9534198,9644383,24907,11404,112,112,0.004859013,0.000743695,0.002955372,3.775903829,0.472028906,1707594,6346,139220,348160000,2
"2025-11-04T11:53:31+00:00",9535114,9644383,24909,11404,112,112,0.004859013,0.000743695,0.002955372,3.775903829,0.472028906,1707594,6346,139220,348160000,2
"2025-11-04T11:53:31+00:00",9535114,9644383,24909,11404,112,112,0.004859013,0.000743695,0.002955372,3.775903829,0.472028906,1707594,6346,139220,348160000,2
"2025-11-04T11:53:41+00:00",9545326,9651019,24934,11411,112,112,0.004859013,0.000743695,0.002955372,3.775903829,0.472028906,1707594,6346,139484,348160000,2
"2025-11-04T11:53:42+00:00",9545744,9651019,24935,11411,112,112,0.004859013,0.000743695,0.002955372,3.775903829,0.472028906,1707594,6346,139484,348160000,2
"2025-11-04T11:53:42+00:00",9546242,9651019,24936,11411,112,112,0.004859013,0.000743695,0.002955372,3.775903829,0.472028906,1707594,6346,139484,348160000,2
"2025-11-04T11:53:52+00:00",9555946,9656779,24958,11415,112,112,0.004859013,0.000743695,0.002955372,3.775903829,0.472028906,1707594,6346,139484,348160000,2
"2025-11-04T11:53:52+00:00",9555946,9656779,24958,11415,112,112,0.004859013,0.000743695,0.002955372,3.775903829,0.472028906,1707594,6346,139484,348160000,2
"2025-11-04T11:53:53+00:00",9557134,9657419,24961,11416,112,112,0.004859013,0.000743695,0.002955372,3.775903829,0.472028906,1707594,6346,139484,348160000,2
"2025-11-04T11:54:03+00:00",9566914,9663415,24985,11422,112,112,0.004859013,0.000743695,0.002955372,3.775903829,0.472028906,1707594,6346,139484,348160000,2
"2025-11-04T11:54:03+00:00",9566914,9663415,24985,11422,112,112,0.004859013,0.000743695,0.002955372,3.775903829,0.472028906,1707594,6346,139484,348160000,2
"2025-11-04T11:54:03+00:00",9566914,9663415,24985,11422,112,112,0.004859013,0.000743695,0.002955372,3.775903829,0.472028906,1707594,6346,139484,348160000,2
"2025-11-04T11:54:14+00:00",9577726,9672055,25010,11428,112,112,0.004859013,0.000743695,0.002955372,3.775903829,0.472028906,1707594,6346,139484,348160000,2
"2025-11-04T11:54:14+00:00",9577726,9672055,25010,11428,112,112,0.004859013,0.000743695,0.002955372,3.775903829,0.472028906,1707594,6346,139484,348160000,2
"2025-11-04T11:54:14+00:00",9577726,9672055,25010,11428,112,112,0.004859013,0.000743695,0.002955372,3.775903829,0.472028906,1707594,6346,139484,348160000,2
"2025-11-04T11:54:24+00:00",9588116,9678691,25036,11435,112,112,0.004859013,0.000743695,0.002955372,3.775903829,0.472028906,1707594,6346,139484,348160000,2
"2025-11-04T11:54:25+00:00",9588614,9678691,25037,11435,112,112,0.004859013,0.000743695,0.002955372,3.775903829,0.472028906,1707594,6346,139484,348160000,2
"2025-11-04T11:54:25+00:00",9588614,9678691,25037,11435,112,112,0.004859013,0.000743695,0.002955372,3.775903829,0.472028906,1707594,6346,139484,348160000,2
"2025-11-04T11:54:35+00:00",9598318,9684451,25059,11439,112,112,0.004859013,0.000743695,0.002955372,3.775903829,0.472028906,1707594,6346,139484,348160000,2
"2025-11-04T11:54:36+00:00",9598736,9684451,25060,11439,112,112,0.004859013,0.000743695,0.002955372,3.775903829,0.472028906,1707594,6346,139484,348160000,2
"2025-11-04T11:54:36+00:00",9599234,9684451,25061,11439,112,112,0.004859013,0.000743695,0.002955372,3.775903829,0.472028906,1707594,6346,139484,348160000,2
"2025-11-04T11:54:46+00:00",9609446,9691087,25086,11446,112,112,0.004859013,0.000743695,0.002955372,3.775903829,0.472028906,1707594,6346,139484,348160000,2
"2025-11-04T11:54:46+00:00",9609446,9691087,25086,11446,112,112,0.004859013,0.000743695,0.002955372,3.775903829,0.472028906,1707594,6346,139484,348160000,2
"2025-11-04T11:54:47+00:00",9610362,9691087,25088,11446,112,112,0.004859013,0.000743695,0.002955372,3.775903829,0.472028906,1707594,6346,139484,348160000,2
"2025-11-04T11:54:57+00:00",9620184,9697605,25111,11452,112,112,0.004859013,0.000743695,0.002955372,3.775903829,0.472028906,1707594,6346,139484,348160000,2
"2025-11-04T11:54:58+00:00",9620874,9697605,25113,11452,112,112,0.004859013,0.000743695,0.002955372,3.775903829,0.472028906,1707594,6346,139484,348160000,2
"2025-11-04T11:54:58+00:00",9621372,9697605,25114,11452,112,112,0.004859013,0.000743695,0.002955372,3.775903829,0.472028906,1707594,6346,139484,348160000,2
"2025-11-04T11:55:08+00:00",9631114,9703483,25137,11457,112,112,0.004859013,0.000743695,0.002955372,3.775903829,0.472028906,1707594,6346,139484,348160000,2
"2025-11-04T11:55:08+00:00",9631114,9704123,25137,11458,112,112,0.004859013,0.000743695,0.002955372,3.775903829,0.472028906,1707594,6346,139484,348160000,2
"2025-11-04T11:55:09+00:00",9632448,9706363,25140,11459,112,112,0.004859013,0.000743695,0.002955372,3.775903829,0.472028906,1707594,6346,139484,348160000,2
"2025-11-04T11:55:21+00:00",9644346,9712999,25169,11466,112,112,0.004859013,0.000743695,0.002955372,3.775903829,0.472028906,1707594,6346,139484,348160000,2
"2025-11-04T11:55:21+00:00",9644346,9712999,25169,11466,112,112,0.004859013,0.000743695,0.002955372,3.775903829,0.472028906,1707594,6346,139484,348160000,2
"2025-11-04T11:55:21+00:00",9644346,9712999,25169,11466,112,112,0.004859013,0.000743695,0.002955372,3.775903829,0.472028906,1707594,6346,139484,348160000,2
"2025-11-04T11:55:32+00:00",9654468,9718759,25192,11470,112,112,0.004859013,0.000743695,0.002955372,3.775903829,0.472028906,1707594,6346,139484,348160000,2
"2025-11-04T11:55:32+00:00",9654966,9718759,25193,11470,112,112,0.004859013,0.000743695,0.002955372,3.775903829,0.472028906,1707594,6346,139484,348160000,2
"2025-11-04T11:55:32+00:00",9655238,9719399,25194,11471,112,112,0.004859013,0.000743695,0.002955372,3.775903829,0.472028906,1707594,6346,139484,348160000,2
"2025-11-04T11:55:42+00:00",9665596,9725395,25219,11477,112,112,0.004859013,0.000743695,0.002955372,3.775903829,0.472028906,1707594,6346,139484,348160000,2
"2025-11-04T11:55:43+00:00",9666094,9725395,25220,11477,112,112,0.004859013,0.000743695,0.002955372,3.775903829,0.472028906,1707594,6346,139484,348160000,2
"2025-11-04T11:55:43+00:00",9666094,9725395,25220,11477,112,112,0.004859013,0.000743695,0.002955372,3.775903829,0.472028906,1707594,6346,139484,348160000,2
"2025-11-04T11:55:53+00:00",9675798,9731795,25242,11482,112,112,0.004859013,0.000743695,0.002955372,3.775903829,0.472028906,1707594,6346,139484,348160000,2
"2025-11-04T11:55:54+00:00",9676216,9734035,25243,11483,112,112,0.004859013,0.000743695,0.002955372,3.775903829,0.472028906,1707594,6346,139484,348160000,2
"2025-11-04T11:55:54+00:00",9676986,9734035,25245,11483,112,112,0.004859013,0.000743695,0.002955372,3.775903829,0.472028906,1707594,6346,139484,348160000,2
"2025-11-04T11:56:04+00:00",9686766,9740031,25269,11489,112,112,0.004859013,0.000743695,0.002955372,3.775903829,0.472028906,1707594,6346,139484,348160000,2
"2025-11-04T11:56:04+00:00",9686766,9740671,25269,11490,112,112,0.004859013,0.000743695,0.002955372,3.775903829,0.472028906,1707594,6346,139484,348160000,2
"2025-11-04T11:56:05+00:00",9687184,9740671,25270,11490,112,112,0.004859013,0.000743695,0.002955372,3.775903829,0.472028906,1707594,6346,139484,348160000,2
"2025-11-04T11:56:15+00:00",9701978,9748111,25299,11499,112,112,0.004859013,0.000743695,0.002955372,3.775903829,0.472028906,1707594,6346,139484,348160000,2
"2025-11-04T11:56:15+00:00",9702396,9748111,25300,11499,112,112,0.004859013,0.000743695,0.002955372,3.775903829,0.472028906,1707594,6346,139484,348160000,2
"2025-11-04T11:56:16+00:00",9702894,9748111,25301,11499,112,112,0.004859013,0.000743695,0.002955372,3.775903829,0.472028906,1707594,6346,139484,348160000,2
"2025-11-04T11:56:26+00:00",9713106,9754747,25326,11506,112,112,0.004859013,0.000743695,0.002955372,3.775903829,0.472028906,1707594,6346,139484,348160000,2
"2025-11-04T11:56:26+00:00",9713106,9754747,25326,11506,112,112,0.004859013,0.000743695,0.002955372,3.775903829,0.472028906,1707594,6346,139484,348160000,2
"2025-11-04T11:56:27+00:00",9713524,9754747,25327,11506,112,112,0.004859013,0.000743695,0.002955372,3.775903829,0.472028906,1707594,6346,139484,348160000,2
"2025-11-04T11:56:37+00:00",9724116,9761265,25352,11512,112,112,0.004859013,0.000743695,0.002955372,3.775903829,0.472028906,1707594,6346,139484,348160000,2
"2025-11-04T11:56:37+00:00",9724116,9761265,25352,11512,112,112,0.004859013,0.000743695,0.002955372,3.775903829,0.472028906,1707594,6346,139484,348160000,2
"2025-11-04T11:56:37+00:00",9724116,9761265,25352,11512,112,112,0.004859013,0.000743695,0.002955372,3.775903829,0.472028906,1707594,6346,139484,348160000,2
"2025-11-04T11:56:48+00:00",9734854,9767143,25377,11517,112,112,0.004859013,0.000743695,0.002955372,3.775903829,0.472028906,1707594,6346,139484,348160000,2
"2025-11-04T11:56:48+00:00",9734854,9767143,25377,11517,112,112,0.004859013,0.000743695,0.002955372,3.775903829,0.472028906,1707594,6346,139484,348160000,2
"2025-11-04T11:56:48+00:00",9735126,9767783,25378,11518,112,112,0.004859013,0.000743695,0.002955372,3.775903829,0.472028906,1707594,6346,139484,348160000,2
"2025-11-04T11:56:59+00:00",9745014,9775901,25401,11524,112,112,0.004859013,0.000743695,0.002955372,3.775903829,0.472028906,1707594,6346,139484,348160000,2
"2025-11-04T11:56:59+00:00",9745432,9775901,25402,11524,112,112,0.004859013,0.000743695,0.002955372,3.775903829,0.472028906,1707594,6346,139484,348160000,2
"2025-11-04T11:56:59+00:00",9745432,9775901,25402,11524,112,112,0.004859013,0.000743695,0.002955372,3.775903829,0.472028906,1707594,6346,139484,348160000,2
"2025-11-04T11:57:09+00:00",9755718,9782419,25427,11530,112,112,0.004859013,0.000743695,0.002955372,3.775903829,0.472028906,1707594,6346,139484,348160000,2
"2025-11-04T11:57:10+00:00",9756634,9782419,25429,11530,112,112,0.004859013,0.000743695,0.002955372,3.775903829,0.472028906,1707594,6346,139484,348160000,2
"2025-11-04T11:57:10+00:00",9756634,9782419,25429,11530,112,112,0.004859013,0.000743695,0.002955372,3.775903829,0.472028906,1707594,6346,139484,348160000,2
"2025-11-04T11:57:20+00:00",9766728,9788937,25453,11536,112,112,0.004859013,0.000743695,0.002955372,3.775903829,0.472028906,1707594,6346,139484,348160000,2
"2025-11-04T11:57:21+00:00",9767264,9789055,25455,11537,112,112,0.004859013,0.000743695,0.002955372,3.775903829,0.472028906,1707594,6346,139484,348160000,2
"2025-11-04T11:57:21+00:00",9767762,9789055,25456,11537,112,112,0.004859013,0.000743695,0.002955372,3.775903829,0.472028906,1707594,6346,139484,348160000,2
"2025-11-04T11:57:31+00:00",9777466,9794815,25478,11541,112,112,0.004859013,0.000743695,0.002955372,3.775903829,0.472028906,1707594,6346,139484,348160000,2
"2025-11-04T11:57:31+00:00",9777466,9794815,25478,11541,112,112,0.004859013,0.000743695,0.002955372,3.775903829,0.472028906,1707594,6346,139484,348160000,2
"2025-11-04T11:57:32+00:00",9777884,9794815,25479,11541,112,112,0.004859013,0.000743695,0.002955372,3.775903829,0.472028906,1707594,6346,139484,348160000,2
"2025-11-04T11:57:42+00:00",9788594,9801451,25505,11548,112,112,0.004859013,0.000743695,0.002955372,3.775903829,0.472028906,1707594,6346,139484,348160000,2
"2025-11-04T11:57:42+00:00",9788594,9801451,25505,11548,112,112,0.004859013,0.000743695,0.002955372,3.775903829,0.472028906,1707594,6346,139484,348160000,2
"2025-11-04T11:57:43+00:00",9789012,9801451,25506,11548,112,112,0.004859013,0.000743695,0.002955372,3.775903829,0.472028906,1707594,6346,139484,348160000,2
"2025-11-04T11:57:53+00:00",9799326,9807851,25530,11553,112,112,0.004859013,0.000743695,0.002955372,3.775903829,0.472028906,1707594,6346,139484,348160000,2
"2025-11-04T11:57:53+00:00",9799326,9807851,25530,11553,112,112,0.004859013,0.000743695,0.002955372,3.775903829,0.472028906,1707594,6346,139484,348160000,2
"2025-11-04T11:57:53+00:00",9799326,9807851,25530,11553,112,112,0.004859013,0.000743695,0.002955372,3.775903829,0.472028906,1707594,6346,139484,348160000,2
"2025-11-04T11:58:04+00:00",9810182,9816087,25556,11560,112,112,0.004859013,0.000743695,0.002955372,3.775903829,0.472028906,1707594,6346,139484,348160000,2
"2025-11-04T11:58:04+00:00",9810182,9816087,25556,11560,112,112,0.004859013,0.000743695,0.002955372,3.775903829,0.472028906,1707594,6346,139484,348160000,2
"2025-11-04T11:58:05+00:00",9811098,9816727,25558,11561,112,112,0.004859013,0.000743695,0.002955372,3.775903829,0.472028906,1707594,6346,139484,348160000,2
"2025-11-04T11:58:15+00:00",9820914,9822487,25581,11565,112,112,0.004859013,0.000743695,0.002955372,3.775903829,0.472028906,1707594,6346,139484,348160000,2
"2025-11-04T11:58:15+00:00",9820914,9822487,25581,11565,112,112,0.004859013,0.000743695,0.002955372,3.775903829,0.472028906,1707594,6346,139484,348160000,2
"2025-11-04T11:58:16+00:00",9821332,9822487,25582,11565,112,112,0.004859013,0.000743695,0.002955372,3.775903829,0.472028906,1707594,6346,139484,348160000,2
"2025-11-04T11:58:26+00:00",9832042,9829123,25608,11572,112,112,0.004859013,0.000743695,0.002955372,3.775903829,0.472028906,1707594,6346,139484,348160000,2
"2025-11-04T11:58:26+00:00",9832042,9829123,25608,11572,112,112,0.004859013,0.000743695,0.002955372,3.775903829,0.472028906,1707594,6346,139484,348160000,2
"2025-11-04T11:58:26+00:00",9832042,9829123,25608,11572,112,112,0.004859013,0.000743695,0.002955372,3.775903829,0.472028906,1707594,6346,139484,348160000,2
"2025-11-04T11:58:37+00:00",9842356,9835523,25632,11577,112,112,0.004859013,0.000743695,0.002955372,3.775903829,0.472028906,1707594,6346,139748,348160000,2
"2025-11-04T11:58:37+00:00",9842972,9835641,25634,11578,112,112,0.004859013,0.000743695,0.002955372,3.775903829,0.472028906,1707594,6346,139748,348160000,2
"2025-11-04T11:58:37+00:00",9842972,9835641,25634,11578,112,112,0.004859013,0.000743695,0.002955372,3.775903829,0.472028906,1707594,6346,139748,348160000,2
"2025-11-04T11:58:47+00:00",9852554,9841519,25657,11583,112,112,0.004859013,0.000743695,0.002955372,3.775903829,0.472028906,1707594,6346,139748,348160000,2
"2025-11-04T11:58:48+00:00",9852972,9841519,25658,11583,112,112,0.004859013,0.000743695,0.002955372,3.775903829,0.472028906,1707594,6346,139748,348160000,2
"2025-11-04T11:58:48+00:00",9853470,9841519,25659,11583,112,112,0.004859013,0.000743695,0.002955372,3.775903829,0.472028906,1707594,6346,139748,348160000,2
"2025-11-04T11:58:58+00:00",9863564,9848037,25683,11589,112,112,0.004859013,0.000743695,0.002955372,3.775903829,0.472028906,1707594,6346,139748,348160000,2
"2025-11-04T11:58:58+00:00",9863564,9848037,25683,11589,112,112,0.004859013,0.000743695,0.002955372,3.775903829,0.472028906,1707594,6346,139748,348160000,2
"2025-11-04T11:58:59+00:00",9864480,9850277,25685,11590,112,112,0.004859013,0.000743695,0.002955372,3.775903829,0.472028906,1707594,6346,139748,348160000,2
"2025-11-04T11:59:09+00:00",9874574,9856795,25709,11596,112,112,0.004859013,0.000743695,0.002955372,3.775903829,0.472028906,1707594,6346,139748,348160000,2
"2025-11-04T11:59:09+00:00",9874574,9856795,25709,11596,112,112,0.004859013,0.000743695,0.002955372,3.775903829,0.472028906,1707594,6346,139748,348160000,2
"2025-11-04T11:59:10+00:00",9874992,9856795,25710,11596,112,112,0.004859013,0.000743695,0.002955372,3.775903829,0.472028906,1707594,6346,139748,348160000,2
"2025-11-04T11:59:20+00:00",9885312,9862673,25734,11601,112,112,0.004859013,0.000743695,0.002955372,3.775903829,0.472028906,1707594,6346,139748,348160000,2
"2025-11-04T11:59:20+00:00",9885584,9863313,25735,11602,112,112,0.004859013,0.000743695,0.002955372,3.775903829,0.472028906,1707594,6346,139748,348160000,2
"2025-11-04T11:59:21+00:00",9885584,9863313,25735,11602,112,112,0.004859013,0.000743695,0.002955372,3.775903829,0.472028906,1707594,6346,139748,348160000,2
"2025-11-04T11:59:31+00:00",9895730,9869191,25759,11607,112,112,0.004859013,0.000743695,0.002955372,3.775903829,0.472028906,1707594,6346,139748,348160000,2
"2025-11-04T11:59:31+00:00",9895730,9869191,25759,11607,112,112,0.004859013,0.000743695,0.002955372,3.775903829,0.472028906,1707594,6346,139748,348160000,2
"2025-11-04T11:59:33+00:00",9897482,9869831,25763,11608,112,112,0.004859013,0.000743695,0.002955372,3.775903829,0.472028906,1707594,6346,139748,348160000,2
"2025-11-04T11:59:44+00:00",9908224,9878067,25790,11615,112,112,0.004859013,0.000743695,0.002955372,3.775903829,0.472028906,1707594,6346,139748,348160000,2
"2025-11-04T11:59:44+00:00",9908722,9878067,25791,11615,112,112,0.004859013,0.000743695,0.002955372,3.775903829,0.472028906,1707594,6346,139748,348160000,2
"2025-11-04T11:59:44+00:00",9908722,9878707,25791,11616,112,112,0.004859013,0.000743695,0.002955372,3.775903829,0.472028906,1707594,6346,139748,348160000,2
"2025-11-04T11:59:54+00:00",9918618,9884467,25814,11620,112,112,0.004859013,0.000743695,0.002955372,3.775903829,0.472028906,1707594,6346,139748,348160000,2
"2025-11-04T11:59:55+00:00",9919534,9884467,25816,11620,112,112,0.004859013,0.000743695,0.002955372,3.775903829,0.472028906,1707594,6346,139748,348160000,2
"2025-11-04T11:59:55+00:00",9919534,9884467,25816,11620,112,112,0.004859013,0.000743695,0.002955372,3.775903829,0.472028906,1707594,6346,139748,348160000,2
"2025-11-04T12:00:05+00:00",9929746,9891103,25841,11627,112,112,0.004859013,0.000743695,0.002955372,3.775903829,0.472028906,1707594,6346,139748,348160000,2
"2025-11-04T12:00:06+00:00",9930164,9891103,25842,11627,112,112,0.004859013,0.000743695,0.002955372,3.775903829,0.472028906,1707594,6346,139748,348160000,2
"2025-11-04T12:00:06+00:00",9930662,9891103,25843,11627,112,112,0.004859013,0.000743695,0.002955372,3.775903829,0.472028906,1707594,6346,139748,348160000,2
"2025-11-04T12:00:16+00:00",9940638,9897503,25866,11632,112,112,0.004859013,0.000743695,0.002955372,3.775903829,0.472028906,1707594,6346,139748,348160000,2
"2025-11-04T12:00:16+00:00",9940638,9897503,25866,11632,112,112,0.004859013,0.000743695,0.002955372,3.775903829,0.472028906,1707594,6346,139748,348160000,2
"2025-11-04T12:00:17+00:00",9941056,9897503,25867,11632,112,112,0.004859013,0.000743695,0.002955372,3.775903829,0.472028906,1707594,6346,139748,348160000,2
"2025-11-04T12:00:27+00:00",9951414,9903499,25892,11638,112,112,0.004859013,0.000743695,0.002955372,3.775903829,0.472028906,1707594,6346,139748,348160000,2
"2025-11-04T12:00:27+00:00",9951414,9903499,25892,11638,112,112,0.004859013,0.000743695,0.002955372,3.775903829,0.472028906,1707594,6346,139748,348160000,2
"2025-11-04T12:00:28+00:00",9952330,9903499,25894,11638,112,112,0.004859013,0.000743695,0.002955372,3.775903829,0.472028906,1707594,6346,139748,348160000,2
"2025-11-04T12:00:38+00:00",9961992,9910017,25917,11644,112,112,0.004859013,0.000743695,0.002955372,3.775903829,0.472028906,1707594,6346,139748,348160000,2
"2025-11-04T12:00:38+00:00",9961992,9910017,25917,11644,112,112,0.004859013,0.000743695,0.002955372,3.775903829,0.472028906,1707594,6346,139748,348160000,2
"2025-11-04T12:00:39+00:00",9962410,9912257,25918,11645,112,112,0.004859013,0.000743695,0.002955372,3.775903829,0.472028906,1707594,6346,139748,348160000,2
"2025-11-04T12:00:49+00:00",9973194,9918775,25944,11651,112,112,0.004859013,0.000743695,0.002955372,3.775903829,0.472028906,1707594,6346,139748,348160000,2
"2025-11-04T12:00:49+00:00",9973194,9918775,25944,11651,112,112,0.004859013,0.000743695,0.002955372,3.775903829,0.472028906,1707594,6346,139748,348160000,2
"2025-11-04T12:00:49+00:00",9973194,9918775,25944,11651,112,112,0.004859013,0.000743695,0.002955372,3.775903829,0.472028906,1707594,6346,139748,348160000,2
"2025-11-04T12:01:00+00:00",9983434,9924653,25968,11656,112,112,0.004859013,0.000743695,0.002955372,3.775903829,0.472028906,1707594,6346,139748,348160000,2
"2025-11-04T12:01:00+00:00",9984204,9925293,25970,11657,112,112,0.004859013,0.000743695,0.002955372,3.775903829,0.472028906,1707594,6346,139748,348160000,2
"2025-11-04T12:01:00+00:00",9984204,9925293,25970,11657,112,112,0.004859013,0.000743695,0.002955372,3.775903829,0.472028906,1707594,6346,139748,348160000,2
"2025-11-04T12:01:11+00:00",9994026,9931171,25993,11662,112,112,0.004859013,0.000743695,0.002955372,3.775903829,0.472028906,1707594,6346,139748,348160000,2
"2025-11-04T12:01:11+00:00",9994942,9931171,25995,11662,112,112,0.004859013,0.000743695,0.002955372,3.775903829,0.472028906,1707594,6346,139748,348160000,2
"2025-11-04T12:01:11+00:00",9994942,9931171,25995,11662,112,112,0.004859013,0.000743695,0.002955372,3.775903829,0.472028906,1707594,6346,139748,348160000,2
"2025-11-04T12:01:21+00:00",10004722,9937807,26019,11669,112,112,0.004859013,0.000743695,0.002955372,3.775903829,0.472028906,1707594,6346,139748,348160000,2
"2025-11-04T12:01:22+00:00",10005140,9937807,26020,11669,112,112,0.004859013,0.000743695,0.002955372,3.775903829,0.472028906,1707594,6346,139748,348160000,2
"2025-11-04T12:01:22+00:00",10005638,9937807,26021,11669,112,112,0.004859013,0.000743695,0.002955372,3.775903829,0.472028906,1707594,6346,139748,348160000,2
"2025-11-04T12:01:32+00:00",10015454,9944207,26044,11674,112,112,0.004859013,0.000743695,0.002955372,3.775903829,0.472028906,1707594,6346,139748,348160000,2
"2025-11-04T12:01:32+00:00",10015454,9944207,26044,11674,112,112,0.004859013,0.000743695,0.002955372,3.775903829,0.472028906,1707594,6346,139748,348160000,2
"2025-11-04T12:01:33+00:00",10015872,9944207,26045,11674,112,112,0.004859013,0.000743695,0.002955372,3.775903829,0.472028906,1707594,6346,139748,348160000,2
"2025-11-04T12:01:43+00:00",10026502,9950203,26071,11680,112,112,0.004859013,0.000743695,0.002955372,3.775903829,0.472028906,1707594,6346,139748,348160000,2
"2025-11-04T12:01:43+00:00",10026502,9950203,26071,11680,112,112,0.004859013,0.000743695,0.002955372,3.775903829,0.472028906,1707594,6346,139748,348160000,2
"2025-11-04T12:01:43+00:00",10026502,9950203,26071,11680,112,112,0.004859013,0.000743695,0.002955372,3.775903829,0.472028906,1707594,6346,139748,348160000,2
"2025-11-04T12:01:54+00:00",10036896,9958843,26095,11686,112,112,0.004859013,0.000743695,0.002955372,3.775903829,0.472028906,1707594,6346,139748,348160000,2
"2025-11-04T12:01:54+00:00",10037394,9958843,26096,11686,112,112,0.004859013,0.000743695,0.002955372,3.775903829,0.472028906,1707594,6346,139748,348160000,2
"2025-11-04T12:01:54+00:00",10037394,9958843,26096,11686,112,112,0.004859013,0.000743695,0.002955372,3.775903829,0.472028906,1707594,6346,139748,348160000,2
"2025-11-04T12:02:05+00:00",10048024,9965479,26122,11693,112,112,0.004859013,0.000743695,0.002955372,3.775903829,0.472028906,1707594,6346,139748,348160000,2
"2025-11-04T12:02:05+00:00",10048522,9965479,26123,11693,112,112,0.004859013,0.000743695,0.002955372,3.775903829,0.472028906,1707594,6346,139748,348160000,2
"2025-11-04T12:02:05+00:00",10048522,9965479,26123,11693,112,112,0.004859013,0.000743695,0.002955372,3.775903829,0.472028906,1707594,6346,139748,348160000,2
"2025-11-04T12:02:15+00:00",10058418,9971879,26146,11698,112,112,0.004859013,0.000743695,0.002955372,3.775903829,0.472028906,1707594,6346,139748,348160000,2
"2025-11-04T12:02:16+00:00",10058836,9971879,26147,11698,112,112,0.004859013,0.000743695,0.002955372,3.775903829,0.472028906,1707594,6346,139748,348160000,2
"2025-11-04T12:02:16+00:00",10059334,9971879,26148,11698,112,112,0.004859013,0.000743695,0.002955372,3.775903829,0.472028906,1707594,6346,139748,348160000,2
"2025-11-04T12:02:26+00:00",10068874,9977875,26172,11704,112,112,0.004859013,0.000743695,0.002955372,3.775903829,0.472028906,1707594,6346,139748,348160000,2
"2025-11-04T12:02:27+00:00",10069292,9977875,26173,11704,112,112,0.004859013,0.000743695,0.002955372,3.775903829,0.472028906,1707594,6346,139748,348160000,2
"2025-11-04T12:02:27+00:00",10069790,9977875,26174,11704,112,112,0.004859013,0.000743695,0.002955372,3.775903829,0.472028906,1707594,6346,139748,348160000,2
"2025-11-04T12:02:37+00:00",10079804,9984393,26198,11710,112,112,0.004859013,0.000743695,0.002955372,3.775903829,0.472028906,1707594,6346,139748,348160000,2
"2025-11-04T12:02:38+00:00",10079804,9984393,26198,11710,112,112,0.004859013,0.000743695,0.002955372,3.775903829,0.472028906,1707594,6346,139748,348160000,2
"2025-11-04T12:02:38+00:00",10080720,9984393,26200,11710,112,112,0.004859013,0.000743695,0.002955372,3.775903829,0.472028906,1707594,6346,139748,348160000,2
"2025-11-04T12:02:48+00:00",10090814,9990911,26224,11716,112,112,0.004859013,0.000743695,0.002955372,3.775903829,0.472028906,1707594,6346,139748,348160000,2
"2025-11-04T12:02:48+00:00",10090814,9990911,26224,11716,112,112,0.004859013,0.000743695,0.002955372,3.775903829,0.472028906,1707594,6346,139748,348160000,2
"2025-11-04T12:02:49+00:00",10091232,9993151,26225,11717,112,112,0.004859013,0.000743695,0.002955372,3.775903829,0.472028906,1707594,6346,139748,348160000,2
"2025-11-04T12:02:59+00:00",10101552,9999029,26249,11722,112,112,0.004859013,0.000743695,0.002955372,3.775903829,0.472028906,1707594,6346,139748,348160000,2
"2025-11-04T12:02:59+00:00",10101552,9999029,26249,11722,112,112,0.004859013,0.000743695,0.002955372,3.775903829,0.472028906,1707594,6346,139748,348160000,2
"2025-11-04T12:03:00+00:00",10101824,9999669,26250,11723,112,112,0.004859013,0.000743695,0.002955372,3.775903829,0.472028906,1707594,6346,139748,348160000,2
"2025-11-04T12:03:10+00:00",10112482,10005547,26275,11728,112,112,0.004859013,0.000743695,0.002955372,3.775903829,0.472028906,1707594,6346,139748,348160000,2
"2025-11-04T12:03:10+00:00",10112482,10005547,26275,11728,112,112,0.004859013,0.000743695,0.002955372,3.775903829,0.472028906,1707594,6346,139748,348160000,2
"2025-11-04T12:03:10+00:00",10112482,10005547,26275,11728,112,112,0.004859013,0.000743695,0.002955372,3.775903829,0.472028906,1707594,6346,139748,348160000,2
"2025-11-04T12:03:22+00:00",10124446,10012183,26304,11735,112,112,0.004859013,0.000743695,0.002955372,3.775903829,0.472028906,1707594,6346,139748,348160000,2
"2025-11-04T12:03:23+00:00",10124864,10012183,26305,11735,112,112,0.004859013,0.000743695,0.002955372,3.775903829,0.472028906,1707594,6346,139748,348160000,2
"2025-11-04T12:03:23+00:00",10125282,10012183,26306,11735,112,112,0.004859013,0.000743695,0.002955372,3.775903829,0.472028906,1707594,6346,139748,348160000,2
"2025-11-04T12:03:33+00:00",10135178,10018583,26329,11740,112,112,0.004859013,0.000743695,0.002955372,3.775903829,0.472028906,1707594,6346,139748,348160000,2
"2025-11-04T12:03:33+00:00",10135178,10018583,26329,11740,112,112,0.004859013,0.000743695,0.002955372,3.775903829,0.472028906,1707594,6346,139748,348160000,2
"2025-11-04T12:03:34+00:00",10135596,10020823,26330,11741,112,112,0.004859013,0.000743695,0.002955372,3.775903829,0.472028906,1707594,6346,139748,348160000,2
"2025-11-04T12:03:44+00:00",10146306,10027459,26356,11748,112,112,0.004859013,0.000743695,0.002955372,3.775903829,0.472028906,1707594,6346,139748,348160000,2
"2025-11-04T12:03:44+00:00",10146306,10027459,26356,11748,112,112,0.004859013,0.000743695,0.002955372,3.775903829,0.472028906,1707594,6346,139748,348160000,2
"2025-11-04T12:03:45+00:00",10146306,10027459,26356,11748,112,112,0.004859013,0.000743695,0.002955372,3.775903829,0.472028906,1707594,6346,139748,348160000,2
"2025-11-04T12:03:55+00:00",10156926,10033219,26380,11752,112,112,0.004859013,0.000743695,0.002955372,3.775903829,0.472028906,1707594,6346,139748,348160000,2
"2025-11-04T12:03:55+00:00",10156926,10033219,26380,11752,112,112,0.004859013,0.000743695,0.002955372,3.775903829,0.472028906,1707594,6346,139748,348160000,2
"2025-11-04T12:03:55+00:00",10157198,10033859,26381,11753,112,112,0.004859013,0.000743695,0.002955372,3.775903829,0.472028906,1707594,6346,139748,348160000,2
"2025-11-04T12:04:06+00:00",10167476,10039855,26406,11759,112,112,0.004859013,0.000743695,0.002955372,3.775903829,0.472028906,1707594,6346,139748,348160000,2
"2025-11-04T12:04:07+00:00",10168810,10040495,26409,11760,112,112,0.004859013,0.000743695,0.002955372,3.775903829,0.472028906,1707594,6346,139748,348160000,2
"2025-11-04T12:04:09+00:00",10169726,10040495,26411,11760,112,112,0.004859013,0.000743695,0.002955372,3.775903829,0.472028906,1707594,6346,139748,348160000,2
"2025-11-04T12:04:19+00:00",10180078,10048613,26436,11766,112,112,0.004859013,0.000743695,0.002955372,3.775903829,0.472028906,1707594,6346,140012,348160000,2
"2025-11-04T12:04:19+00:00",10180496,10048613,26437,11766,112,112,0.004859013,0.000743695,0.002955372,3.775903829,0.472028906,1707594,6346,140012,348160000,2
"2025-11-04T12:04:19+00:00",10180496,10048613,26437,11766,112,112,0.004859013,0.000743695,0.002955372,3.775903829,0.472028906,1707594,6346,140012,348160000,2
"2025-11-04T12:04:30+00:00",10190590,10055131,26461,11772,112,112,0.004859013,0.000743695,0.002955372,3.775903829,0.472028906,1707594,6346,140012,348160000,2
"2025-11-04T12:04:30+00:00",10191506,10055131,26463,11772,112,112,0.004859013,0.000743695,0.002955372,3.775903829,0.472028906,1707594,6346,140012,348160000,2
"2025-11-04T12:04:30+00:00",10191506,10055131,26463,11772,112,112,0.004859013,0.000743695,0.002955372,3.775903829,0.472028906,1707594,6346,140012,348160000,2
"2025-11-04T12:04:40+00:00",10201600,10061649,26487,11778,112,112,0.004859013,0.000743695,0.002955372,3.775903829,0.472028906,1707594,6346,140012,348160000,2
"2025-11-04T12:04:41+00:00",10202136,10061767,26489,11779,112,112,0.004859013,0.000743695,0.002955372,3.775903829,0.472028906,1707594,6346,140012,348160000,2
"2025-11-04T12:04:41+00:00",10202634,10061767,26490,11779,112,112,0.004859013,0.000743695,0.002955372,3.775903829,0.472028906,1707594,6346,140012,348160000,2
"2025-11-04T12:04:51+00:00",10212610,10068167,26513,11784,112,112,0.004859013,0.000743695,0.002955372,3.775903829,0.472028906,1707594,6346,140012,348160000,2
"2025-11-04T12:04:52+00:00",10212610,10068167,26513,11784,112,112,0.004859013,0.000743695,0.002955372,3.775903829,0.472028906,1707594,6346,140012,348160000,2
"2025-11-04T12:04:52+00:00",10213526,10068167,26515,11784,112,112,0.004859013,0.000743695,0.002955372,3.775903829,0.472028906,1707594,6346,140012,348160000,2
"2025-11-04T12:05:02+00:00",10223306,10074163,26539,11790,112,112,0.004859013,0.000743695,0.002955372,3.775903829,0.472028906,1707594,6346,140012,348160000,2
"2025-11-04T12:05:02+00:00",10223306,10074163,26539,11790,112,112,0.004859013,0.000743695,0.002955372,3.775903829,0.472028906,1707594,6346,140012,348160000,2
"2025-11-04T12:05:03+00:00",10223306,10074163,26539,11790,112,112,0.004859013,0.000743695,0.002955372,3.775903829,0.472028906,1707594,6346,140012,348160000,2
"2025-11-04T12:05:13+00:00",10234038,10080563,26564,11795,112,112,0.004859013,0.000743695,0.002955372,3.775903829,0.472028906,1707594,6346,140012,348160000,2
"2025-11-04T12:05:13+00:00",10234038,10080563,26564,11795,112,112,0.004859013,0.000743695,0.002955372,3.775903829,0.472028906,1707594,6346,140012,348160000,2
"2025-11-04T12:05:13+00:00",10234038,10080563,26564,11795,112,112,0.004859013,0.000743695,0.002955372,3.775903829,0.472028906,1707594,6346,140012,348160000,2
"2025-11-04T12:05:24+00:00",10244508,10089439,26590,11803,112,112,0.004859013,0.000743695,0.002955372,3.775903829,0.472028906,1707594,6346,140012,348160000,2
"2025-11-04T12:05:24+00:00",10245006,10089439,26591,11803,112,112,0.004859013,0.000743695,0.002955372,3.775903829,0.472028906,1707594,6346,140012,348160000,2
"2025-11-04T12:05:24+00:00",10245006,10089439,26591,11803,112,112,0.004859013,0.000743695,0.002955372,3.775903829,0.472028906,1707594,6346,140012,348160000,2
"2025-11-04T12:05:34+00:00",10254710,10095199,26613,11807,112,112,0.004859013,0.000743695,0.002955372,3.775903829,0.472028906,1707594,6346,140012,348160000,2
"2025-11-04T12:05:35+00:00",10255128,10095199,26614,11807,112,112,0.004859013,0.000743695,0.002955372,3.775903829,0.472028906,1707594,6346,140012,348160000,2
"2025-11-04T12:05:35+00:00",10255626,10095199,26615,11807,112,112,0.004859013,0.000743695,0.002955372,3.775903829,0.472028906,1707594,6346,140012,348160000,2
"2025-11-04T12:05:45+00:00",10265838,10101835,26640,11814,112,112,0.004859013,0.000743695,0.002955372,3.775903829,0.472028906,1707594,6346,140012,348160000,2
"2025-11-04T12:05:46+00:00",10265838,10101835,26640,11814,112,112,0.004859013,0.000743695,0.002955372,3.775903829,0.472028906,1707594,6346,140012,348160000,2
"2025-11-04T12:05:46+00:00",10266754,10101835,26642,11814,112,112,0.004859013,0.000743695,0.002955372,3.775903829,0.472028906,1707594,6346,140012,348160000,2
"2025-11-04T12:05:56+00:00",10276650,10108235,26665,11819,112,112,0.004859013,0.000743695,0.002955372,3.775903829,0.472028906,1707594,6346,140012,348160000,2
"2025-11-04T12:05:56+00:00",10276650,10108235,26665,11819,112,112,0.004859013,0.000743695,0.002955372,3.775903829,0.472028906,1707594,6346,140012,348160000,2
"2025-11-04T12:05:57+00:00",10277068,10108235,26666,11819,112,112,0.004859013,0.000743695,0.002955372,3.775903829,0.472028906,1707594,6346,140012,348160000,2
"2025-11-04T12:06:07+00:00",10287426,10114231,26691,11825,112,112,0.004859013,0.000743695,0.002955372,3.775903829,0.472028906,1707594,6346,140012,348160000,2
"2025-11-04T12:06:07+00:00",10287698,10114871,26692,11826,112,112,0.004859013,0.000743695,0.002955372,3.775903829,0.472028906,1707594,6346,140012,348160000,2
"2025-11-04T12:06:07+00:00",10287698,10114871,26692,11826,112,112,0.004859013,0.000743695,0.002955372,3.775903829,0.472028906,1707594,6346,140012,348160000,2
"2025-11-04T12:06:18+00:00",10297778,10120749,26716,11831,112,112,0.004859013,0.000743695,0.002955372,3.775903829,0.472028906,1707594,6346,140012,348160000,2
"2025-11-04T12:06:18+00:00",10298276,10120749,26717,11831,112,112,0.004859013,0.000743695,0.002955372,3.775903829,0.472028906,1707594,6346,140012,348160000,2
"2025-11-04T12:06:18+00:00",10298276,10120749,26717,11831,112,112,0.004859013,0.000743695,0.002955372,3.775903829,0.472028906,1707594,6346,140012,348160000,2
"2025-11-04T12:06:29+00:00",10308370,10127267,26741,11837,112,112,0.004859013,0.000743695,0.002955372,3.775903829,0.472028906,1707594,6346,140012,348160000,2
"2025-11-04T12:06:29+00:00",10308788,10129507,26742,11838,112,112,0.004859013,0.000743695,0.002955372,3.775903829,0.472028906,1707594,6346,140012,348160000,2
"2025-11-04T12:06:29+00:00",10309286,10129507,26743,11838,112,112,0.004859013,0.000743695,0.002955372,3.775903829,0.472028906,1707594,6346,140012,348160000,2
"2025-11-04T12:06:39+00:00",10319380,10136025,26767,11844,112,112,0.004859013,0.000743695,0.002955372,3.775903829,0.472028906,1707594,6346,140012,348160000,2
"2025-11-04T12:06:40+00:00",10319798,10136025,26768,11844,112,112,0.004859013,0.000743695,0.002955372,3.775903829,0.472028906,1707594,6346,140012,348160000,2
"2025-11-04T12:06:40+00:00",10320296,10136025,26769,11844,112,112,0.004859013,0.000743695,0.002955372,3.775903829,0.472028906,1707594,6346,140012,348160000,2
"2025-11-04T12:06:50+00:00",10330038,10141903,26792,11849,112,112,0.004859013,0.000743695,0.002955372,3.775903829,0.472028906,1707594,6346,140012,348160000,2
"2025-11-04T12:06:50+00:00",10330038,10141903,26792,11849,112,112,0.004859013,0.000743695,0.002955372,3.775903829,0.472028906,1707594,6346,140012,348160000,2
"2025-11-04T12:06:51+00:00",10330456,10141903,26793,11849,112,112,0.004859013,0.000743695,0.002955372,3.775903829,0.472028906,1707594,6346,140012,348160000,2
"2025-11-04T12:07:01+00:00",10340894,10148539,26818,11856,112,112,0.004859013,0.000743695,0.002955372,3.775903829,0.472028906,1707594,6346,140012,348160000,2
"2025-11-04T12:07:01+00:00",10340894,10148539,26818,11856,112,112,0.004859013,0.000743695,0.002955372,3.775903829,0.472028906,1707594,6346,140012,348160000,2
"2025-11-04T12:07:02+00:00",10340894,10148539,26818,11856,112,112,0.004859013,0.000743695,0.002955372,3.775903829,0.472028906,1707594,6346,140012,348160000,2
"2025-11-04T12:07:12+00:00",10351208,10154939,26842,11861,112,112,0.004859013,0.000743695,0.002955372,3.775903829,0.472028906,1707594,6346,140012,348160000,2
"2025-11-04T12:07:12+00:00",10351626,10154939,26843,11861,112,112,0.004859013,0.000743695,0.002955372,3.775903829,0.472028906,1707594,6346,140012,348160000,2
"2025-11-04T12:07:12+00:00",10351626,10154939,26843,11861,112,112,0.004859013,0.000743695,0.002955372,3.775903829,0.472028906,1707594,6346,140012,348160000,2
"2025-11-04T12:07:23+00:00",10361838,10160935,26868,11867,112,112,0.004859013,0.000743695,0.002955372,3.775903829,0.472028906,1707594,6346,140012,348160000,2
"2025-11-04T12:07:23+00:00",10362528,10161575,26870,11868,112,112,0.004859013,0.000743695,0.002955372,3.775903829,0.472028906,1707594,6346,140012,348160000,2
"2025-11-04T12:07:23+00:00",10363026,10161575,26871,11868,112,112,0.004859013,0.000743695,0.002955372,3.775903829,0.472028906,1707594,6346,140012,348160000,2
"2025-11-04T12:07:33+00:00",10372730,10167335,26893,11872,112,112,0.004859013,0.000743695,0.002955372,3.775903829,0.472028906,1707594,6346,140012,348160000,2
"2025-11-04T12:07:34+00:00",10372730,10169575,26893,11873,112,112,0.004859013,0.000743695,0.002955372,3.775903829,0.472028906,1707594,6346,140012,348160000,2
"2025-11-04T12:07:34+00:00",10373646,10169575,26895,11873,112,112,0.004859013,0.000743695,0.002955372,3.775903829,0.472028906,1707594,6346,140012,348160000,2
"2025-11-04T12:07:44+00:00",10383858,10176211,26920,11880,112,112,0.004859013,0.000743695,0.002955372,3.775903829,0.472028906,1707594,6346,140012,348160000,2
"2025-11-04T12:07:44+00:00",10383858,10176211,26920,11880,112,112,0.004859013,0.000743695,0.002955372,3.775903829,0.472028906,1707594,6346,140012,348160000,2
"2025-11-04T12:07:45+00:00",10384774,10176211,26922,11880,112,112,0.004859013,0.000743695,0.002955372,3.775903829,0.472028906,1707594,6346,140012,348160000,2
"2025-11-04T12:07:55+00:00",10394398,10182611,26944,11885,112,112,0.004859013,0.000743695,0.002955372,3.775903829,0.472028906,1707594,6346,140012,348160000,2
"2025-11-04T12:07:56+00:00",10394670,10182611,26945,11885,112,112,0.004859013,0.000743695,0.002955372,3.775903829,0.472028906,1707594,6346,140012,348160000,2
"2025-11-04T12:07:56+00:00",10395586,10182611,26947,11885,112,112,0.004859013,0.000743695,0.002955372,3.775903829,0.472028906,1707594,6346,140012,348160000,2
"2025-11-04T12:08:07+00:00",10405366,10188607,26971,11891,112,112,0.004859013,0.000743695,0.002955372,3.775903829,0.472028906,1707594,6346,140012,348160000,2
"2025-11-04T12:08:07+00:00",10405784,10189247,26972,11892,112,112,0.004859013,0.000743695,0.002955372,3.775903829,0.472028906,1707594,6346,140012,348160000,2
"2025-11-04T12:08:07+00:00",10406282,10189247,26973,11892,112,112,0.004859013,0.000743695,0.002955372,3.775903829,0.472028906,1707594,6346,140012,348160000,2
"2025-11-04T12:08:17+00:00",10416296,10195125,26997,11897,112,112,0.004859013,0.000743695,0.002955372,3.775903829,0.472028906,1707594,6346,140012,348160000,2
"2025-11-04T12:08:18+00:00",10416714,10195125,26998,11897,112,112,0.004859013,0.000743695,0.002955372,3.775903829,0.472028906,1707594,6346,140012,348160000,2
"2025-11-04T12:08:18+00:00",10417212,10195125,26999,11897,112,112,0.004859013,0.000743695,0.002955372,3.775903829,0.472028906,1707594,6346,140012,348160000,2
"2025-11-04T12:08:28+00:00",10427306,10201643,27023,11903,112,112,0.004859013,0.000743695,0.002955372,3.775903829,0.472028906,1707594,6346,140012,348160000,2
"2025-11-04T12:08:29+00:00",10427306,10201643,27023,11903,112,112,0.004859013,0.000743695,0.002955372,3.775903829,0.472028906,1707594,6346,140012,348160000,2
"2025-11-04T12:08:29+00:00",10427724,10203883,27024,11904,112,112,0.004859013,0.000743695,0.002955372,3.775903829,0.472028906,1707594,6346,140012,348160000,2
"2025-11-04T12:08:39+00:00",10438316,10210401,27049,11910,112,112,0.004859013,0.000743695,0.002955372,3.775903829,0.472028906,1707594,6346,140012,349208576,2
"2025-11-04T12:08:39+00:00",10438316,10210401,27049,11910,112,112,0.004859013,0.000743695,0.002955372,3.775903829,0.472028906,1707594,6346,140012,349208576,2
"2025-11-04T12:08:40+00:00",10438734,10210401,27050,11910,112,112,0.004859013,0.000743695,0.002955372,3.775903829,0.472028906,1707594,6346,140012,349208576,2
"2025-11-04T12:08:50+00:00",10449054,10216279,27074,11915,112,112,0.004859013,0.000743695,0.002955372,3.775903829,0.472028906,1707594,6346,140012,349208576,2
"2025-11-04T12:08:50+00:00",10449054,10216279,27074,11915,112,112,0.004859013,0.000743695,0.002955372,3.775903829,0.472028906,1707594,6346,140012,349208576,2
"2025-11-04T12:08:51+00:00",10449054,10216279,27074,11915,112,112,0.004859013,0.000743695,0.002955372,3.775903829,0.472028906,1707594,6346,140012,349208576,2
"2025-11-04T12:09:01+00:00",10460182,10222915,27101,11922,112,112,0.004859013,0.000743695,0.002955372,3.775903829,0.472028906,1707594,6346,140012,349208576,2
"2025-11-04T12:09:02+00:00",10460182,10222915,27101,11922,112,112,0.004859013,0.000743695,0.002955372,3.775903829,0.472028906,1707594,6346,140012,349208576,2
"2025-11-04T12:09:02+00:00",10460600,10222915,27102,11922,112,112,0.004859013,0.000743695,0.002955372,3.775903829,0.472028906,1707594,6346,140012,349208576,2
"2025-11-04T12:09:12+00:00",10470994,10229315,27126,11927,112,112,0.004859013,0.000743695,0.002955372,3.775903829,0.472028906,1707594,6346,140012,349208576,2
"2025-11-04T12:09:12+00:00",10470994,10229315,27126,11927,112,112,0.004859013,0.000743695,0.002955372,3.775903829,0.472028906,1707594,6346,140012,349208576,2
"2025-11-04T12:09:13+00:00",10470994,10229315,27126,11927,112,112,0.004859013,0.000743695,0.002955372,3.775903829,0.472028906,1707594,6346,140012,349208576,2
"2025-11-04T12:09:23+00:00",10482122,10235951,27153,11934,112,112,0.004859013,0.000743695,0.002955372,3.775903829,0.472028906,1707594,6346,140012,349208576,2
"2025-11-04T12:09:23+00:00",10482122,10235951,27153,11934,112,112,0.004859013,0.000743695,0.002955372,3.775903829,0.472028906,1707594,6346,140012,349208576,2
"2025-11-04T12:09:24+00:00",10482122,10235951,27153,11934,112,112,0.004859013,0.000743695,0.002955372,3.775903829,0.472028906,1707594,6346,140012,349208576,2
